[
  {
    "Country Code": "AD",
    "Latitude": 42.5,
    "Longitude": 1.5,
    "Country Name": "Andorra",
    "Capital": "Andorra la Vella",
    "land mass": 468,
    "population": 84000,
    "Continent": "EU",
    "Currency": "EUR",
    "Currency__1": "Euro",
    "language": "en"
  },
  {
    "Country Code": "AE",
    "Latitude": 24,
    "Longitude": 54,
    "Country Name": "United Arab Emirates",
    "Capital": "Abu Dhabi",
    "land mass": 82880,
    "population": 4975593,
    "Continent": "AS",
    "Currency": "AED",
    "Currency__1": "Dirham",
    "language": "ar"
  },
  {
    "Country Code": "AF",
    "Latitude": 33,
    "Longitude": 65,
    "Country Name": "Afghanistan",
    "Capital": "Kabul",
    "land mass": 647500,
    "population": 29121286,
    "Continent": "AS",
    "Currency": "AFN",
    "Currency__1": "Afghani",
    "language": "fa"
  },
  {
    "Country Code": "AG",
    "Latitude": 17.05,
    "Longitude": -61.8,
    "Country Name": "Antigua and Barbuda",
    "Capital": "St. John's",
    "land mass": 443,
    "population": 86754,
    "Continent": "NA",
    "Currency": "XCD",
    "Currency__1": "Dollar",
    "language": "en"
  },
  {
    "Country Code": "AI",
    "Latitude": 18.25,
    "Longitude": -63.1667,
    "Country Name": "Anguilla",
    "Capital": "The Valley",
    "land mass": 102,
    "population": 13254,
    "Continent": "NA",
    "Currency": "XCD",
    "Currency__1": "Dollar",
    "language": "en"
  },
  {
    "Country Code": "AL",
    "Latitude": 41,
    "Longitude": 20,
    "Country Name": "Albania",
    "Capital": "Tirana",
    "land mass": 28748,
    "population": 2986952,
    "Continent": "EU",
    "Currency": "ALL",
    "Currency__1": "Lek",
    "language": "sq"
  },
  {
    "Country Code": "AM",
    "Latitude": 40,
    "Longitude": 45,
    "Country Name": "Armenia",
    "Capital": "Yerevan",
    "land mass": 29800,
    "population": 2968000,
    "Continent": "AS",
    "Currency": "AMD",
    "Currency__1": "Dram",
    "language": "en"
  },
  {
    "Country Code": "AO",
    "Latitude": -12.5,
    "Longitude": 18.5,
    "Country Name": "Angola",
    "Capital": "Luanda",
    "land mass": 1246700,
    "population": 13068161,
    "Continent": "AF",
    "Currency": "AOA",
    "Currency__1": "Kwanza",
    "language": "en"
  },
  {
    "Country Code": "AQ",
    "Latitude": -90,
    "Longitude": 0,
    "Country Name": "Antarctica",
    "Capital": "",
    "land mass": 14000000,
    "population": 0,
    "Continent": "AN",
    "Currency": "",
    "Currency__1": "",
    "language": "en"
  },
  {
    "Country Code": "AR",
    "Latitude": -34,
    "Longitude": -64,
    "Country Name": "Argentina",
    "Capital": "Buenos Aires",
    "land mass": 2766890,
    "population": 41343201,
    "Continent": "SA",
    "Currency": "ARS",
    "Currency__1": "Peso",
    "language": "es"
  },
  {
    "Country Code": "AS",
    "Latitude": -14.3333,
    "Longitude": -170,
    "Country Name": "American Samoa",
    "Capital": "Pago Pago",
    "land mass": 199,
    "population": 57881,
    "Continent": "OC",
    "Currency": "USD",
    "Currency__1": "Dollar",
    "language": "en"
  },
  {
    "Country Code": "AT",
    "Latitude": 47.3333,
    "Longitude": 13.3333,
    "Country Name": "Austria",
    "Capital": "Vienna",
    "land mass": 83858,
    "population": 8205000,
    "Continent": "EU",
    "Currency": "EUR",
    "Currency__1": "Euro",
    "language": "de"
  },
  {
    "Country Code": "AU",
    "Latitude": -27,
    "Longitude": 133,
    "Country Name": "Australia",
    "Capital": "Canberra",
    "land mass": 7686850,
    "population": 21515754,
    "Continent": "OC",
    "Currency": "AUD",
    "Currency__1": "Dollar",
    "language": "en"
  },
  {
    "Country Code": "AW",
    "Latitude": 12.5,
    "Longitude": -69.9667,
    "Country Name": "Aruba",
    "Capital": "Oranjestad",
    "land mass": 193,
    "population": 71566,
    "Continent": "NA",
    "Currency": "AWG",
    "Currency__1": "Guilder",
    "language": "nl"
  },
  {
    "Country Code": "AZ",
    "Latitude": 40.5,
    "Longitude": 47.5,
    "Country Name": "Azerbaijan",
    "Capital": "Baku",
    "land mass": 86600,
    "population": 8303512,
    "Continent": "AS",
    "Currency": "AZN",
    "Currency__1": "Manat",
    "language": "az"
  },
  {
    "Country Code": "BA",
    "Latitude": 44,
    "Longitude": 18,
    "Country Name": "Bosnia and Herzegovina",
    "Capital": "Sarajevo",
    "land mass": 51129,
    "population": 4590000,
    "Continent": "EU",
    "Currency": "BAM",
    "Currency__1": "Marka",
    "language": "bs"
  },
  {
    "Country Code": "BB",
    "Latitude": 13.1667,
    "Longitude": -59.5333,
    "Country Name": "Barbados",
    "Capital": "Bridgetown",
    "land mass": 431,
    "population": 285653,
    "Continent": "NA",
    "Currency": "BBD",
    "Currency__1": "Dollar",
    "language": "en"
  },
  {
    "Country Code": "BD",
    "Latitude": 24,
    "Longitude": 90,
    "Country Name": "Bangladesh",
    "Capital": "Dhaka",
    "land mass": 144000,
    "population": 156118464,
    "Continent": "AS",
    "Currency": "BDT",
    "Currency__1": "Taka",
    "language": "bn"
  },
  {
    "Country Code": "BE",
    "Latitude": 50.8333,
    "Longitude": 4,
    "Country Name": "Belgium",
    "Capital": "Brussels",
    "land mass": 30510,
    "population": 10403000,
    "Continent": "EU",
    "Currency": "EUR",
    "Currency__1": "Euro",
    "language": "nl"
  },
  {
    "Country Code": "BF",
    "Latitude": 13,
    "Longitude": -2,
    "Country Name": "Burkina Faso",
    "Capital": "Ouagadougou",
    "land mass": 274200,
    "population": 16241811,
    "Continent": "AF",
    "Currency": "XOF",
    "Currency__1": "Franc",
    "language": "en"
  },
  {
    "Country Code": "BG",
    "Latitude": 43,
    "Longitude": 25,
    "Country Name": "Bulgaria",
    "Capital": "Sofia",
    "land mass": 110910,
    "population": 7148785,
    "Continent": "EU",
    "Currency": "BGN",
    "Currency__1": "Lev",
    "language": "bg"
  },
  {
    "Country Code": "BH",
    "Latitude": 26,
    "Longitude": 50.55,
    "Country Name": "Bahrain",
    "Capital": "Manama",
    "land mass": 665,
    "population": 738004,
    "Continent": "AS",
    "Currency": "BHD",
    "Currency__1": "Dinar",
    "language": "ar"
  },
  {
    "Country Code": "BI",
    "Latitude": -3.5,
    "Longitude": 30,
    "Country Name": "Burundi",
    "Capital": "Bujumbura",
    "land mass": 27830,
    "population": 9863117,
    "Continent": "AF",
    "Currency": "BIF",
    "Currency__1": "Franc",
    "language": "fr"
  },
  {
    "Country Code": "BJ",
    "Latitude": 9.5,
    "Longitude": 2.25,
    "Country Name": "Benin",
    "Capital": "Porto-Novo",
    "land mass": 112620,
    "population": 9056010,
    "Continent": "AF",
    "Currency": "XOF",
    "Currency__1": "Franc",
    "language": "en"
  },
  {
    "Country Code": "BM",
    "Latitude": 32.3333,
    "Longitude": -64.75,
    "Country Name": "Bermuda",
    "Capital": "Hamilton",
    "land mass": 53,
    "population": 65365,
    "Continent": "NA",
    "Currency": "BMD",
    "Currency__1": "Dollar",
    "language": "en"
  },
  {
    "Country Code": "BN",
    "Latitude": 4.5,
    "Longitude": 114.6667,
    "Country Name": "Brunei",
    "Capital": "Bandar Seri Begawan",
    "land mass": 5770,
    "population": 395027,
    "Continent": "AS",
    "Currency": "BND",
    "Currency__1": "Dollar",
    "language": "ms"
  },
  {
    "Country Code": "BO",
    "Latitude": -17,
    "Longitude": -65,
    "Country Name": "Bolivia",
    "Capital": "La Paz",
    "land mass": 1098580,
    "population": 9947418,
    "Continent": "SA",
    "Currency": "BOB",
    "Currency__1": "Boliviano",
    "language": "es"
  },
  {
    "Country Code": "BR",
    "Latitude": -10,
    "Longitude": -55,
    "Country Name": "Brazil",
    "Capital": "Brasília",
    "land mass": 8511965,
    "population": 201103330,
    "Continent": "SA",
    "Currency": "BRL",
    "Currency__1": "Real",
    "language": "pt"
  },
  {
    "Country Code": "BS",
    "Latitude": 24.25,
    "Longitude": -76,
    "Country Name": "Bahamas",
    "Capital": "Nassau",
    "land mass": 13940,
    "population": 301790,
    "Continent": "NA",
    "Currency": "BSD",
    "Currency__1": "Dollar",
    "language": "en"
  },
  {
    "Country Code": "BT",
    "Latitude": 27.5,
    "Longitude": 90.5,
    "Country Name": "Bhutan",
    "Capital": "Thimphu",
    "land mass": 47000,
    "population": 699847,
    "Continent": "AS",
    "Currency": "BTN",
    "Currency__1": "Ngultrum",
    "language": "en"
  },
  {
    "Country Code": "BW",
    "Latitude": -22,
    "Longitude": 24,
    "Country Name": "Botswana",
    "Capital": "Gaborone",
    "land mass": 600370,
    "population": 2029307,
    "Continent": "AF",
    "Currency": "BWP",
    "Currency__1": "Pula",
    "language": "en"
  },
  {
    "Country Code": "BY",
    "Latitude": 53,
    "Longitude": 28,
    "Country Name": "Belarus",
    "Capital": "Minsk",
    "land mass": 207600,
    "population": 9685000,
    "Continent": "EU",
    "Currency": "BYR",
    "Currency__1": "Ruble",
    "language": "be"
  },
  {
    "Country Code": "BZ",
    "Latitude": 17.25,
    "Longitude": -88.75,
    "Country Name": "Belize",
    "Capital": "Belmopan",
    "land mass": 22966,
    "population": 314522,
    "Continent": "NA",
    "Currency": "BZD",
    "Currency__1": "Dollar",
    "language": "en"
  },
  {
    "Country Code": "CA",
    "Latitude": 60,
    "Longitude": -95,
    "Country Name": "Canada",
    "Capital": "Ottawa",
    "land mass": 9984670,
    "population": 33679000,
    "Continent": "NA",
    "Currency": "CAD",
    "Currency__1": "Dollar",
    "language": "en"
  },
  {
    "Country Code": "CC",
    "Latitude": -12.5,
    "Longitude": 96.8333,
    "Country Name": "Cocos Islands",
    "Capital": "West Island",
    "land mass": 14,
    "population": 628,
    "Continent": "AS",
    "Currency": "AUD",
    "Currency__1": "Dollar",
    "language": "ms"
  },
  {
    "Country Code": "CD",
    "Latitude": 0,
    "Longitude": 25,
    "Country Name": "Democratic Republic of the Congo",
    "Capital": "Kinshasa",
    "land mass": 2345410,
    "population": 70916439,
    "Continent": "AF",
    "Currency": "CDF",
    "Currency__1": "Franc",
    "language": "fr"
  },
  {
    "Country Code": "CF",
    "Latitude": 7,
    "Longitude": 21,
    "Country Name": "Central African Republic",
    "Capital": "Bangui",
    "land mass": 622984,
    "population": 4844927,
    "Continent": "AF",
    "Currency": "XAF",
    "Currency__1": "Franc",
    "language": "fr"
  },
  {
    "Country Code": "CG",
    "Latitude": -1,
    "Longitude": 15,
    "Country Name": "Republic of the Congo",
    "Capital": "Brazzaville",
    "land mass": 342000,
    "population": 3039126,
    "Continent": "AF",
    "Currency": "XAF",
    "Currency__1": "Franc",
    "language": "fr"
  },
  {
    "Country Code": "CH",
    "Latitude": 47,
    "Longitude": 8,
    "Country Name": "Switzerland",
    "Capital": "Berne",
    "land mass": 41290,
    "population": 7581000,
    "Continent": "EU",
    "Currency": "CHF",
    "Currency__1": "Franc",
    "language": "de"
  },
  {
    "Country Code": "CI",
    "Latitude": 8,
    "Longitude": -5,
    "Country Name": "Ivory Coast",
    "Capital": "Yamoussoukro",
    "land mass": 322460,
    "population": 21058798,
    "Continent": "AF",
    "Currency": "XOF",
    "Currency__1": "Franc",
    "language": "en"
  },
  {
    "Country Code": "CK",
    "Latitude": -21.2333,
    "Longitude": -159.7667,
    "Country Name": "Cook Islands",
    "Capital": "Avarua",
    "land mass": 240,
    "population": 21388,
    "Continent": "OC",
    "Currency": "NZD",
    "Currency__1": "Dollar",
    "language": "en"
  },
  {
    "Country Code": "CL",
    "Latitude": -30,
    "Longitude": -71,
    "Country Name": "Chile",
    "Capital": "Santiago",
    "land mass": 756950,
    "population": 16746491,
    "Continent": "SA",
    "Currency": "CLP",
    "Currency__1": "Peso",
    "language": "en"
  },
  {
    "Country Code": "CM",
    "Latitude": 6,
    "Longitude": 12,
    "Country Name": "Cameroon",
    "Capital": "Yaoundé",
    "land mass": 475440,
    "population": 19294149,
    "Continent": "AF",
    "Currency": "XAF",
    "Currency__1": "Franc",
    "language": "en"
  },
  {
    "Country Code": "CN",
    "Latitude": 35,
    "Longitude": 105,
    "Country Name": "China",
    "Capital": "Beijing",
    "land mass": 9596960,
    "population": 1330044000,
    "Continent": "AS",
    "Currency": "CNY",
    "Currency__1": "Yuan Renminbi",
    "language": "zh"
  },
  {
    "Country Code": "CO",
    "Latitude": 4,
    "Longitude": -72,
    "Country Name": "Colombia",
    "Capital": "Bogotá",
    "land mass": 1138910,
    "population": 44205293,
    "Continent": "SA",
    "Currency": "COP",
    "Currency__1": "Peso",
    "language": "en"
  },
  {
    "Country Code": "CR",
    "Latitude": 10,
    "Longitude": -84,
    "Country Name": "Costa Rica",
    "Capital": "San José",
    "land mass": 51100,
    "population": 4516220,
    "Continent": "NA",
    "Currency": "CRC",
    "Currency__1": "Colon",
    "language": "es"
  },
  {
    "Country Code": "CU",
    "Latitude": 21.5,
    "Longitude": -80,
    "Country Name": "Cuba",
    "Capital": "Havana",
    "land mass": 110860,
    "population": 11423000,
    "Continent": "NA",
    "Currency": "CUP",
    "Currency__1": "Peso",
    "language": "en"
  },
  {
    "Country Code": "CV",
    "Latitude": 16,
    "Longitude": -24,
    "Country Name": "Cape Verde",
    "Capital": "Praia",
    "land mass": 4033,
    "population": 508659,
    "Continent": "AF",
    "Currency": "CVE",
    "Currency__1": "Escudo",
    "language": "en"
  },
  {
    "Country Code": "CX",
    "Latitude": -10.5,
    "Longitude": 105.6667,
    "Country Name": "Christmas Island",
    "Capital": "Flying Fish Cove",
    "land mass": 135,
    "population": 1500,
    "Continent": "AS",
    "Currency": "AUD",
    "Currency__1": "Dollar",
    "language": "en"
  },
  {
    "Country Code": "CY",
    "Latitude": 35,
    "Longitude": 33,
    "Country Name": "Cyprus",
    "Capital": "Nicosia",
    "land mass": 9250,
    "population": 1102677,
    "Continent": "EU",
    "Currency": "EUR",
    "Currency__1": "Euro",
    "language": "el"
  },
  {
    "Country Code": "CZ",
    "Latitude": 49.75,
    "Longitude": 15.5,
    "Country Name": "Czech Republic",
    "Capital": "Prague",
    "land mass": 78866,
    "population": 10476000,
    "Continent": "EU",
    "Currency": "CZK",
    "Currency__1": "Koruna",
    "language": "cs"
  },
  {
    "Country Code": "DE",
    "Latitude": 51,
    "Longitude": 9,
    "Country Name": "Germany",
    "Capital": "Berlin",
    "land mass": 357021,
    "population": 81802257,
    "Continent": "EU",
    "Currency": "EUR",
    "Currency__1": "Euro",
    "language": "en"
  },
  {
    "Country Code": "DJ",
    "Latitude": 11.5,
    "Longitude": 43,
    "Country Name": "Djibouti",
    "Capital": "Djibouti",
    "land mass": 23000,
    "population": 740528,
    "Continent": "AF",
    "Currency": "DJF",
    "Currency__1": "Franc",
    "language": "fr"
  },
  {
    "Country Code": "DK",
    "Latitude": 56,
    "Longitude": 10,
    "Country Name": "Denmark",
    "Capital": "Copenhagen",
    "land mass": 43094,
    "population": 5484000,
    "Continent": "EU",
    "Currency": "DKK",
    "Currency__1": "Krone",
    "language": "da"
  },
  {
    "Country Code": "DM",
    "Latitude": 15.4167,
    "Longitude": -61.3333,
    "Country Name": "Dominica",
    "Capital": "Roseau",
    "land mass": 754,
    "population": 72813,
    "Continent": "NA",
    "Currency": "XCD",
    "Currency__1": "Dollar",
    "language": "en"
  },
  {
    "Country Code": "DO",
    "Latitude": 19,
    "Longitude": -70.6667,
    "Country Name": "Dominican Republic",
    "Capital": "Santo Domingo",
    "land mass": 48730,
    "population": 9823821,
    "Continent": "NA",
    "Currency": "DOP",
    "Currency__1": "Peso",
    "language": "en"
  },
  {
    "Country Code": "DZ",
    "Latitude": 28,
    "Longitude": 3,
    "Country Name": "Algeria",
    "Capital": "Algiers",
    "land mass": 2381740,
    "population": 34586184,
    "Continent": "AF",
    "Currency": "DZD",
    "Currency__1": "Dinar",
    "language": "en"
  },
  {
    "Country Code": "EC",
    "Latitude": -2,
    "Longitude": -77.5,
    "Country Name": "Ecuador",
    "Capital": "Quito",
    "land mass": 283560,
    "population": 14790608,
    "Continent": "SA",
    "Currency": "USD",
    "Currency__1": "Dollar",
    "language": "en"
  },
  {
    "Country Code": "EE",
    "Latitude": 59,
    "Longitude": 26,
    "Country Name": "Estonia",
    "Capital": "Tallinn",
    "land mass": 45226,
    "population": 1291170,
    "Continent": "EU",
    "Currency": "EEK",
    "Currency__1": "Kroon",
    "language": "et"
  },
  {
    "Country Code": "EG",
    "Latitude": 27,
    "Longitude": 30,
    "Country Name": "Egypt",
    "Capital": "Cairo",
    "land mass": 1001450,
    "population": 80471869,
    "Continent": "AF",
    "Currency": "EGP",
    "Currency__1": "Pound",
    "language": "ar"
  },
  {
    "Country Code": "EH",
    "Latitude": 24.5,
    "Longitude": -13,
    "Country Name": "Western Sahara",
    "Capital": "El-Aaiun",
    "land mass": 266000,
    "population": 273008,
    "Continent": "AF",
    "Currency": "MAD",
    "Currency__1": "Dirham",
    "language": "ar"
  },
  {
    "Country Code": "ER",
    "Latitude": 15,
    "Longitude": 39,
    "Country Name": "Eritrea",
    "Capital": "Asmara",
    "land mass": 121320,
    "population": 5792984,
    "Continent": "AF",
    "Currency": "ERN",
    "Currency__1": "Nakfa",
    "language": "aa"
  },
  {
    "Country Code": "ES",
    "Latitude": 40,
    "Longitude": -4,
    "Country Name": "Spain",
    "Capital": "Madrid",
    "land mass": 504782,
    "population": 46505963,
    "Continent": "EU",
    "Currency": "EUR",
    "Currency__1": "Euro",
    "language": "es"
  },
  {
    "Country Code": "ET",
    "Latitude": 8,
    "Longitude": 38,
    "Country Name": "Ethiopia",
    "Capital": "Addis Ababa",
    "land mass": 1127127,
    "population": 88013491,
    "Continent": "AF",
    "Currency": "ETB",
    "Currency__1": "Birr",
    "language": "am"
  },
  {
    "Country Code": "FI",
    "Latitude": 64,
    "Longitude": 26,
    "Country Name": "Finland",
    "Capital": "Helsinki",
    "land mass": 337030,
    "population": 5244000,
    "Continent": "EU",
    "Currency": "EUR",
    "Currency__1": "Euro",
    "language": "fi"
  },
  {
    "Country Code": "FJ",
    "Latitude": -18,
    "Longitude": 175,
    "Country Name": "Fiji",
    "Capital": "Suva",
    "land mass": 18270,
    "population": 875983,
    "Continent": "OC",
    "Currency": "FJD",
    "Currency__1": "Dollar",
    "language": "en"
  },
  {
    "Country Code": "FK",
    "Latitude": -51.75,
    "Longitude": -59,
    "Country Name": "Falkland Islands",
    "Capital": "Stanley",
    "land mass": 12173,
    "population": 2638,
    "Continent": "SA",
    "Currency": "FKP",
    "Currency__1": "Pound",
    "language": "en"
  },
  {
    "Country Code": "FM",
    "Latitude": 6.9167,
    "Longitude": 158.25,
    "Country Name": "Micronesia",
    "Capital": "Palikir",
    "land mass": 702,
    "population": 107708,
    "Continent": "OC",
    "Currency": "USD",
    "Currency__1": "Dollar",
    "language": "en"
  },
  {
    "Country Code": "FO",
    "Latitude": 62,
    "Longitude": -7,
    "Country Name": "Faroe Islands",
    "Capital": "Tórshavn",
    "land mass": 1399,
    "population": 48228,
    "Continent": "EU",
    "Currency": "DKK",
    "Currency__1": "Krone",
    "language": "fo"
  },
  {
    "Country Code": "FR",
    "Latitude": 46,
    "Longitude": 2,
    "Country Name": "France",
    "Capital": "Paris",
    "land mass": 547030,
    "population": 64768389,
    "Continent": "EU",
    "Currency": "EUR",
    "Currency__1": "Euro",
    "language": "fr"
  },
  {
    "Country Code": "GA",
    "Latitude": -1,
    "Longitude": 11.75,
    "Country Name": "Gabon",
    "Capital": "Libreville",
    "land mass": 267667,
    "population": 1545255,
    "Continent": "AF",
    "Currency": "XAF",
    "Currency__1": "Franc",
    "language": "en"
  },
  {
    "Country Code": "GB",
    "Latitude": 54,
    "Longitude": -2,
    "Country Name": "United Kingdom",
    "Capital": "London",
    "land mass": 244820,
    "population": 62348447,
    "Continent": "EU",
    "Currency": "GBP",
    "Currency__1": "Pound",
    "language": "en"
  },
  {
    "Country Code": "GD",
    "Latitude": 12.1167,
    "Longitude": -61.6667,
    "Country Name": "Grenada",
    "Capital": "St. George's",
    "land mass": 344,
    "population": 107818,
    "Continent": "NA",
    "Currency": "XCD",
    "Currency__1": "Dollar",
    "language": "en"
  },
  {
    "Country Code": "GE",
    "Latitude": 42,
    "Longitude": 43.5,
    "Country Name": "Georgia",
    "Capital": "Tbilisi",
    "land mass": 69700,
    "population": 4630000,
    "Continent": "AS",
    "Currency": "GEL",
    "Currency__1": "Lari",
    "language": "ka"
  },
  {
    "Country Code": "GF",
    "Latitude": 4,
    "Longitude": -53,
    "Country Name": "French Guiana",
    "Capital": "Cayenne",
    "land mass": 91000,
    "population": 195506,
    "Continent": "SA",
    "Currency": "EUR",
    "Currency__1": "Euro",
    "language": "en"
  },
  {
    "Country Code": "GH",
    "Latitude": 8,
    "Longitude": -2,
    "Country Name": "Ghana",
    "Capital": "Accra",
    "land mass": 239460,
    "population": 24339838,
    "Continent": "AF",
    "Currency": "GHS",
    "Currency__1": "Cedi",
    "language": "en"
  },
  {
    "Country Code": "GI",
    "Latitude": 36.1833,
    "Longitude": -5.3667,
    "Country Name": "Gibraltar",
    "Capital": "Gibraltar",
    "land mass": 6.5,
    "population": 27884,
    "Continent": "EU",
    "Currency": "GIP",
    "Currency__1": "Pound",
    "language": "en"
  },
  {
    "Country Code": "GL",
    "Latitude": 72,
    "Longitude": -40,
    "Country Name": "Greenland",
    "Capital": "Nuuk",
    "land mass": 2166086,
    "population": 56375,
    "Continent": "NA",
    "Currency": "DKK",
    "Currency__1": "Krone",
    "language": "kl"
  },
  {
    "Country Code": "GM",
    "Latitude": 13.4667,
    "Longitude": -16.5667,
    "Country Name": "Gambia",
    "Capital": "Banjul",
    "land mass": 11300,
    "population": 1593256,
    "Continent": "AF",
    "Currency": "GMD",
    "Currency__1": "Dalasi",
    "language": "en"
  },
  {
    "Country Code": "GN",
    "Latitude": 11,
    "Longitude": -10,
    "Country Name": "Guinea",
    "Capital": "Conakry",
    "land mass": 245857,
    "population": 10324025,
    "Continent": "AF",
    "Currency": "GNF",
    "Currency__1": "Franc",
    "language": "en"
  },
  {
    "Country Code": "GP",
    "Latitude": 16.25,
    "Longitude": -61.5833,
    "Country Name": "Guadeloupe",
    "Capital": "Basse-Terre",
    "land mass": 1780,
    "population": 443000,
    "Continent": "NA",
    "Currency": "EUR",
    "Currency__1": "Euro",
    "language": "en"
  },
  {
    "Country Code": "GQ",
    "Latitude": 2,
    "Longitude": 10,
    "Country Name": "Equatorial Guinea",
    "Capital": "Malabo",
    "land mass": 28051,
    "population": 1014999,
    "Continent": "AF",
    "Currency": "XAF",
    "Currency__1": "Franc",
    "language": "es"
  },
  {
    "Country Code": "GR",
    "Latitude": 39,
    "Longitude": 22,
    "Country Name": "Greece",
    "Capital": "Athens",
    "land mass": 131940,
    "population": 11000000,
    "Continent": "EU",
    "Currency": "EUR",
    "Currency__1": "Euro",
    "language": "el"
  },
  {
    "Country Code": "GS",
    "Latitude": -54.5,
    "Longitude": -37,
    "Country Name": "South Georgia and the South Sandwich Islands",
    "Capital": "Grytviken",
    "land mass": 3903,
    "population": 30,
    "Continent": "AN",
    "Currency": "GBP",
    "Currency__1": "Pound",
    "language": "en"
  },
  {
    "Country Code": "GT",
    "Latitude": 15.5,
    "Longitude": -90.25,
    "Country Name": "Guatemala",
    "Capital": "Guatemala City",
    "land mass": 108890,
    "population": 13550440,
    "Continent": "NA",
    "Currency": "GTQ",
    "Currency__1": "Quetzal",
    "language": "en"
  },
  {
    "Country Code": "GU",
    "Latitude": 13.4667,
    "Longitude": 144.7833,
    "Country Name": "Guam",
    "Capital": "Hagåtña",
    "land mass": 549,
    "population": 168564,
    "Continent": "OC",
    "Currency": "USD",
    "Currency__1": "Dollar",
    "language": "en"
  },
  {
    "Country Code": "GW",
    "Latitude": 12,
    "Longitude": -15,
    "Country Name": "Guinea-Bissau",
    "Capital": "Bissau",
    "land mass": 36120,
    "population": 1565126,
    "Continent": "AF",
    "Currency": "XOF",
    "Currency__1": "Franc",
    "language": "pt"
  },
  {
    "Country Code": "GY",
    "Latitude": 5,
    "Longitude": -59,
    "Country Name": "Guyana",
    "Capital": "Georgetown",
    "land mass": 214970,
    "population": 748486,
    "Continent": "SA",
    "Currency": "GYD",
    "Currency__1": "Dollar",
    "language": "en"
  },
  {
    "Country Code": "HK",
    "Latitude": 22.25,
    "Longitude": 114.1667,
    "Country Name": "Hong Kong",
    "Capital": "Hong Kong",
    "land mass": 1092,
    "population": 6898686,
    "Continent": "AS",
    "Currency": "HKD",
    "Currency__1": "Dollar",
    "language": "zh"
  },
  {
    "Country Code": "HN",
    "Latitude": 15,
    "Longitude": -86.5,
    "Country Name": "Honduras",
    "Capital": "Tegucigalpa",
    "land mass": 112090,
    "population": 7989415,
    "Continent": "NA",
    "Currency": "HNL",
    "Currency__1": "Lempira",
    "language": "en"
  },
  {
    "Country Code": "HR",
    "Latitude": 45.1667,
    "Longitude": 15.5,
    "Country Name": "Croatia",
    "Capital": "Zagreb",
    "land mass": 56542,
    "population": 4491000,
    "Continent": "EU",
    "Currency": "HRK",
    "Currency__1": "Kuna",
    "language": "hr"
  },
  {
    "Country Code": "HT",
    "Latitude": 19,
    "Longitude": -72.4167,
    "Country Name": "Haiti",
    "Capital": "Port-au-Prince",
    "land mass": 27750,
    "population": 9648924,
    "Continent": "NA",
    "Currency": "HTG",
    "Currency__1": "Gourde",
    "language": "ht"
  },
  {
    "Country Code": "HU",
    "Latitude": 47,
    "Longitude": 20,
    "Country Name": "Hungary",
    "Capital": "Budapest",
    "land mass": 93030,
    "population": 9930000,
    "Continent": "EU",
    "Currency": "HUF",
    "Currency__1": "Forint",
    "language": "en"
  },
  {
    "Country Code": "ID",
    "Latitude": -5,
    "Longitude": 120,
    "Country Name": "Indonesia",
    "Capital": "Jakarta",
    "land mass": 1919440,
    "population": 242968342,
    "Continent": "AS",
    "Currency": "IDR",
    "Currency__1": "Rupiah",
    "language": "id"
  },
  {
    "Country Code": "IE",
    "Latitude": 53,
    "Longitude": -8,
    "Country Name": "Ireland",
    "Capital": "Dublin",
    "land mass": 70280,
    "population": 4622917,
    "Continent": "EU",
    "Currency": "EUR",
    "Currency__1": "Euro",
    "language": "en"
  },
  {
    "Country Code": "IL",
    "Latitude": 31.5,
    "Longitude": 34.75,
    "Country Name": "Israel",
    "Capital": "Jerusalem",
    "land mass": 20770,
    "population": 7353985,
    "Continent": "AS",
    "Currency": "ILS",
    "Currency__1": "Shekel",
    "language": "he"
  },
  {
    "Country Code": "IN",
    "Latitude": 20,
    "Longitude": 77,
    "Country Name": "India",
    "Capital": "New Delhi",
    "land mass": 3287590,
    "population": 1173108018,
    "Continent": "AS",
    "Currency": "INR",
    "Currency__1": "Rupee",
    "language": "en"
  },
  {
    "Country Code": "IO",
    "Latitude": -6,
    "Longitude": 71.5,
    "Country Name": "British Indian Ocean Territory",
    "Capital": "Diego Garcia",
    "land mass": 60,
    "population": 4000,
    "Continent": "AS",
    "Currency": "USD",
    "Currency__1": "Dollar",
    "language": "en"
  },
  {
    "Country Code": "IQ",
    "Latitude": 33,
    "Longitude": 44,
    "Country Name": "Iraq",
    "Capital": "Baghdad",
    "land mass": 437072,
    "population": 29671605,
    "Continent": "AS",
    "Currency": "IQD",
    "Currency__1": "Dinar",
    "language": "ar"
  },
  {
    "Country Code": "IR",
    "Latitude": 32,
    "Longitude": 53,
    "Country Name": "Iran",
    "Capital": "Tehran",
    "land mass": 1648000,
    "population": 76923300,
    "Continent": "AS",
    "Currency": "IRR",
    "Currency__1": "Rial",
    "language": "fa"
  },
  {
    "Country Code": "IS",
    "Latitude": 65,
    "Longitude": -18,
    "Country Name": "Iceland",
    "Capital": "Reykjavík",
    "land mass": 103000,
    "population": 308910,
    "Continent": "EU",
    "Currency": "ISK",
    "Currency__1": "Krona",
    "language": "is"
  },
  {
    "Country Code": "IT",
    "Latitude": 42.8333,
    "Longitude": 12.8333,
    "Country Name": "Italy",
    "Capital": "Rome",
    "land mass": 301230,
    "population": 58145000,
    "Continent": "EU",
    "Currency": "EUR",
    "Currency__1": "Euro",
    "language": "it"
  },
  {
    "Country Code": "JM",
    "Latitude": 18.25,
    "Longitude": -77.5,
    "Country Name": "Jamaica",
    "Capital": "Kingston",
    "land mass": 10991,
    "population": 2847232,
    "Continent": "NA",
    "Currency": "JMD",
    "Currency__1": "Dollar",
    "language": "en"
  },
  {
    "Country Code": "JO",
    "Latitude": 31,
    "Longitude": 36,
    "Country Name": "Jordan",
    "Capital": "Amman",
    "land mass": 92300,
    "population": 6407085,
    "Continent": "AS",
    "Currency": "JOD",
    "Currency__1": "Dinar",
    "language": "ar"
  },
  {
    "Country Code": "JP",
    "Latitude": 36,
    "Longitude": 138,
    "Country Name": "Japan",
    "Capital": "Tokyo",
    "land mass": 377835,
    "population": 127288000,
    "Continent": "AS",
    "Currency": "JPY",
    "Currency__1": "Yen",
    "language": "en"
  },
  {
    "Country Code": "KE",
    "Latitude": 1,
    "Longitude": 38,
    "Country Name": "Kenya",
    "Capital": "Nairobi",
    "land mass": 582650,
    "population": 40046566,
    "Continent": "AF",
    "Currency": "KES",
    "Currency__1": "Shilling",
    "language": "en"
  },
  {
    "Country Code": "KG",
    "Latitude": 41,
    "Longitude": 75,
    "Country Name": "Kyrgyzstan",
    "Capital": "Bishkek",
    "land mass": 198500,
    "population": 5508626,
    "Continent": "AS",
    "Currency": "KGS",
    "Currency__1": "Som",
    "language": "ky"
  },
  {
    "Country Code": "KH",
    "Latitude": 13,
    "Longitude": 105,
    "Country Name": "Cambodia",
    "Capital": "Phnom Penh",
    "land mass": 181040,
    "population": 14453680,
    "Continent": "AS",
    "Currency": "KHR",
    "Currency__1": "Riels",
    "language": "km"
  },
  {
    "Country Code": "KI",
    "Latitude": 1.4167,
    "Longitude": 173,
    "Country Name": "Kiribati",
    "Capital": "Tarawa",
    "land mass": 811,
    "population": 92533,
    "Continent": "OC",
    "Currency": "AUD",
    "Currency__1": "Dollar",
    "language": "en"
  },
  {
    "Country Code": "KM",
    "Latitude": -12.1667,
    "Longitude": 44.25,
    "Country Name": "Comoros",
    "Capital": "Moroni",
    "land mass": 2170,
    "population": 773407,
    "Continent": "AF",
    "Currency": "KMF",
    "Currency__1": "Franc",
    "language": "ar"
  },
  {
    "Country Code": "KN",
    "Latitude": 17.3333,
    "Longitude": -62.75,
    "Country Name": "Saint Kitts and Nevis",
    "Capital": "Basseterre",
    "land mass": 261,
    "population": 49898,
    "Continent": "NA",
    "Currency": "XCD",
    "Currency__1": "Dollar",
    "language": "en"
  },
  {
    "Country Code": "KP",
    "Latitude": 40,
    "Longitude": 127,
    "Country Name": "North Korea",
    "Capital": "Pyongyang",
    "land mass": 120540,
    "population": 22912177,
    "Continent": "AS",
    "Currency": "KPW",
    "Currency__1": "Won",
    "language": "en"
  },
  {
    "Country Code": "KR",
    "Latitude": 37,
    "Longitude": 127.5,
    "Country Name": "South Korea",
    "Capital": "Seoul",
    "land mass": 98480,
    "population": 48422644,
    "Continent": "AS",
    "Currency": "KRW",
    "Currency__1": "Won",
    "language": "ko"
  },
  {
    "Country Code": "KW",
    "Latitude": 29.3375,
    "Longitude": 47.6581,
    "Country Name": "Kuwait",
    "Capital": "Kuwait City",
    "land mass": 17820,
    "population": 2789132,
    "Continent": "AS",
    "Currency": "KWD",
    "Currency__1": "Dinar",
    "language": "ar"
  },
  {
    "Country Code": "KY",
    "Latitude": 19.5,
    "Longitude": -80.5,
    "Country Name": "Cayman Islands",
    "Capital": "George Town",
    "land mass": 262,
    "population": 44270,
    "Continent": "NA",
    "Currency": "KYD",
    "Currency__1": "Dollar",
    "language": "en"
  },
  {
    "Country Code": "KZ",
    "Latitude": 48,
    "Longitude": 68,
    "Country Name": "Kazakhstan",
    "Capital": "Astana",
    "land mass": 2717300,
    "population": 15340000,
    "Continent": "AS",
    "Currency": "KZT",
    "Currency__1": "Tenge",
    "language": "kk"
  },
  {
    "Country Code": "LA",
    "Latitude": 18,
    "Longitude": 105,
    "Country Name": "Laos",
    "Capital": "Vientiane",
    "land mass": 236800,
    "population": 6368162,
    "Continent": "AS",
    "Currency": "LAK",
    "Currency__1": "Kip",
    "language": "lo"
  },
  {
    "Country Code": "LB",
    "Latitude": 33.8333,
    "Longitude": 35.8333,
    "Country Name": "Lebanon",
    "Capital": "Beirut",
    "land mass": 10400,
    "population": 4125247,
    "Continent": "AS",
    "Currency": "LBP",
    "Currency__1": "Pound",
    "language": "ar"
  },
  {
    "Country Code": "LC",
    "Latitude": 13.8833,
    "Longitude": -61.1333,
    "Country Name": "Saint Lucia",
    "Capital": "Castries",
    "land mass": 616,
    "population": 160922,
    "Continent": "NA",
    "Currency": "XCD",
    "Currency__1": "Dollar",
    "language": "en"
  },
  {
    "Country Code": "LI",
    "Latitude": 47.1667,
    "Longitude": 9.5333,
    "Country Name": "Liechtenstein",
    "Capital": "Vaduz",
    "land mass": 160,
    "population": 35000,
    "Continent": "EU",
    "Currency": "CHF",
    "Currency__1": "Franc",
    "language": "en"
  },
  {
    "Country Code": "LK",
    "Latitude": 7,
    "Longitude": 81,
    "Country Name": "Sri Lanka",
    "Capital": "Colombo",
    "land mass": 65610,
    "population": 21513990,
    "Continent": "AS",
    "Currency": "LKR",
    "Currency__1": "Rupee",
    "language": "si"
  },
  {
    "Country Code": "LR",
    "Latitude": 6.5,
    "Longitude": -9.5,
    "Country Name": "Liberia",
    "Capital": "Monrovia",
    "land mass": 111370,
    "population": 3685076,
    "Continent": "AF",
    "Currency": "LRD",
    "Currency__1": "Dollar",
    "language": "en"
  },
  {
    "Country Code": "LS",
    "Latitude": -29.5,
    "Longitude": 28.5,
    "Country Name": "Lesotho",
    "Capital": "Maseru",
    "land mass": 30355,
    "population": 1919552,
    "Continent": "AF",
    "Currency": "LSL",
    "Currency__1": "Loti",
    "language": "en"
  },
  {
    "Country Code": "LT",
    "Latitude": 56,
    "Longitude": 24,
    "Country Name": "Lithuania",
    "Capital": "Vilnius",
    "land mass": 65200,
    "population": 3565000,
    "Continent": "EU",
    "Currency": "LTL",
    "Currency__1": "Litas",
    "language": "lt"
  },
  {
    "Country Code": "LU",
    "Latitude": 49.75,
    "Longitude": 6.1667,
    "Country Name": "Luxembourg",
    "Capital": "Luxembourg",
    "land mass": 2586,
    "population": 497538,
    "Continent": "EU",
    "Currency": "EUR",
    "Currency__1": "Euro",
    "language": "lb"
  },
  {
    "Country Code": "LV",
    "Latitude": 57,
    "Longitude": 25,
    "Country Name": "Latvia",
    "Capital": "Riga",
    "land mass": 64589,
    "population": 2217969,
    "Continent": "EU",
    "Currency": "LVL",
    "Currency__1": "Lat",
    "language": "lv"
  },
  {
    "Country Code": "LY",
    "Latitude": 25,
    "Longitude": 17,
    "Country Name": "Libya",
    "Capital": "Tripolis",
    "land mass": 1759540,
    "population": 6461454,
    "Continent": "AF",
    "Currency": "LYD",
    "Currency__1": "Dinar",
    "language": "ar"
  },
  {
    "Country Code": "MA",
    "Latitude": 32,
    "Longitude": -5,
    "Country Name": "Morocco",
    "Capital": "Rabat",
    "land mass": 446550,
    "population": 31627428,
    "Continent": "AF",
    "Currency": "MAD",
    "Currency__1": "Dirham",
    "language": "ar"
  },
  {
    "Country Code": "MC",
    "Latitude": 43.7333,
    "Longitude": 7.4,
    "Country Name": "Monaco",
    "Capital": "Monaco",
    "land mass": 1.95,
    "population": 32965,
    "Continent": "EU",
    "Currency": "EUR",
    "Currency__1": "Euro",
    "language": "fr"
  },
  {
    "Country Code": "MD",
    "Latitude": 47,
    "Longitude": 29,
    "Country Name": "Moldova",
    "Capital": "Chişinău",
    "land mass": 33843,
    "population": 4324000,
    "Continent": "EU",
    "Currency": "MDL",
    "Currency__1": "Leu",
    "language": "ro"
  },
  {
    "Country Code": "ME",
    "Latitude": 42,
    "Longitude": 19,
    "Country Name": "Montenegro",
    "Capital": "Podgorica",
    "land mass": 14026,
    "population": 666730,
    "Continent": "EU",
    "Currency": "EUR",
    "Currency__1": "Euro",
    "language": "sr"
  },
  {
    "Country Code": "MG",
    "Latitude": -20,
    "Longitude": 47,
    "Country Name": "Madagascar",
    "Capital": "Antananarivo",
    "land mass": 587040,
    "population": 21281844,
    "Continent": "AF",
    "Currency": "MGA",
    "Currency__1": "Ariary",
    "language": "fr"
  },
  {
    "Country Code": "MH",
    "Latitude": 9,
    "Longitude": 168,
    "Country Name": "Marshall Islands",
    "Capital": "Majuro",
    "land mass": 181.3,
    "population": 65859,
    "Continent": "OC",
    "Currency": "USD",
    "Currency__1": "Dollar",
    "language": "mh"
  },
  {
    "Country Code": "MK",
    "Latitude": 41.8333,
    "Longitude": 22,
    "Country Name": "Macedonia",
    "Capital": "Skopje",
    "land mass": 25333,
    "population": 2061000,
    "Continent": "EU",
    "Currency": "MKD",
    "Currency__1": "Denar",
    "language": "mk"
  },
  {
    "Country Code": "ML",
    "Latitude": 17,
    "Longitude": -4,
    "Country Name": "Mali",
    "Capital": "Bamako",
    "land mass": 1240000,
    "population": 13796354,
    "Continent": "AF",
    "Currency": "XOF",
    "Currency__1": "Franc",
    "language": "fr"
  },
  {
    "Country Code": "MM",
    "Latitude": 22,
    "Longitude": 98,
    "Country Name": "Myanmar",
    "Capital": "Nay Pyi Taw",
    "land mass": 678500,
    "population": 53414374,
    "Continent": "AS",
    "Currency": "MMK",
    "Currency__1": "Kyat",
    "language": "en"
  },
  {
    "Country Code": "MN",
    "Latitude": 46,
    "Longitude": 105,
    "Country Name": "Mongolia",
    "Capital": "Ulan Bator",
    "land mass": 1565000,
    "population": 3086918,
    "Continent": "AS",
    "Currency": "MNT",
    "Currency__1": "Tugrik",
    "language": "mn"
  },
  {
    "Country Code": "MO",
    "Latitude": 22.1667,
    "Longitude": 113.55,
    "Country Name": "Macao",
    "Capital": "Macao",
    "land mass": 254,
    "population": 449198,
    "Continent": "AS",
    "Currency": "MOP",
    "Currency__1": "Pataca",
    "language": "zh"
  },
  {
    "Country Code": "MP",
    "Latitude": 15.2,
    "Longitude": 145.75,
    "Country Name": "Northern Mariana Islands",
    "Capital": "Saipan",
    "land mass": 477,
    "population": 86000,
    "Continent": "OC",
    "Currency": "USD",
    "Currency__1": "Dollar",
    "language": "fi"
  },
  {
    "Country Code": "MQ",
    "Latitude": 14.6667,
    "Longitude": -61,
    "Country Name": "Martinique",
    "Capital": "Fort-de-France",
    "land mass": 1100,
    "population": 432900,
    "Continent": "NA",
    "Currency": "EUR",
    "Currency__1": "Euro",
    "language": "en"
  },
  {
    "Country Code": "MR",
    "Latitude": 20,
    "Longitude": -12,
    "Country Name": "Mauritania",
    "Capital": "Nouakchott",
    "land mass": 1030700,
    "population": 3205060,
    "Continent": "AF",
    "Currency": "MRO",
    "Currency__1": "Ouguiya",
    "language": "ar"
  },
  {
    "Country Code": "MS",
    "Latitude": 16.75,
    "Longitude": -62.2,
    "Country Name": "Montserrat",
    "Capital": "Plymouth",
    "land mass": 102,
    "population": 9341,
    "Continent": "NA",
    "Currency": "XCD",
    "Currency__1": "Dollar",
    "language": "en"
  },
  {
    "Country Code": "MT",
    "Latitude": 35.8333,
    "Longitude": 14.5833,
    "Country Name": "Malta",
    "Capital": "Valletta",
    "land mass": 316,
    "population": 403000,
    "Continent": "EU",
    "Currency": "EUR",
    "Currency__1": "Euro",
    "language": "mt"
  },
  {
    "Country Code": "MU",
    "Latitude": -20.2833,
    "Longitude": 57.55,
    "Country Name": "Mauritius",
    "Capital": "Port Louis",
    "land mass": 2040,
    "population": 1294104,
    "Continent": "AF",
    "Currency": "MUR",
    "Currency__1": "Rupee",
    "language": "en"
  },
  {
    "Country Code": "MV",
    "Latitude": 3.25,
    "Longitude": 73,
    "Country Name": "Maldives",
    "Capital": "Malé",
    "land mass": 300,
    "population": 395650,
    "Continent": "AS",
    "Currency": "MVR",
    "Currency__1": "Rufiyaa",
    "language": "dv"
  },
  {
    "Country Code": "MW",
    "Latitude": -13.5,
    "Longitude": 34,
    "Country Name": "Malawi",
    "Capital": "Lilongwe",
    "land mass": 118480,
    "population": 15447500,
    "Continent": "AF",
    "Currency": "MWK",
    "Currency__1": "Kwacha",
    "language": "ny"
  },
  {
    "Country Code": "MX",
    "Latitude": 23,
    "Longitude": -102,
    "Country Name": "Mexico",
    "Capital": "Mexico City",
    "land mass": 1972550,
    "population": 112468855,
    "Continent": "NA",
    "Currency": "MXN",
    "Currency__1": "Peso",
    "language": "en"
  },
  {
    "Country Code": "MY",
    "Latitude": 2.5,
    "Longitude": 112.5,
    "Country Name": "Malaysia",
    "Capital": "Kuala Lumpur",
    "land mass": 329750,
    "population": 28274729,
    "Continent": "AS",
    "Currency": "MYR",
    "Currency__1": "Ringgit",
    "language": "ms"
  },
  {
    "Country Code": "MZ",
    "Latitude": -18.25,
    "Longitude": 35,
    "Country Name": "Mozambique",
    "Capital": "Maputo",
    "land mass": 801590,
    "population": 22061451,
    "Continent": "AF",
    "Currency": "MZN",
    "Currency__1": "Meticail",
    "language": "pt"
  },
  {
    "Country Code": "NA",
    "Latitude": -22,
    "Longitude": 17,
    "Country Name": "Namibia",
    "Capital": "Windhoek",
    "land mass": 825418,
    "population": 2128471,
    "Continent": "AF",
    "Currency": "NAD",
    "Currency__1": "Dollar",
    "language": "en"
  },
  {
    "Country Code": "NC",
    "Latitude": -21.5,
    "Longitude": 165.5,
    "Country Name": "New Caledonia",
    "Capital": "Nouméa",
    "land mass": 19060,
    "population": 216494,
    "Continent": "OC",
    "Currency": "XPF",
    "Currency__1": "Franc",
    "language": "en"
  },
  {
    "Country Code": "NE",
    "Latitude": 16,
    "Longitude": 8,
    "Country Name": "Niger",
    "Capital": "Niamey",
    "land mass": 1267000,
    "population": 15878271,
    "Continent": "AF",
    "Currency": "XOF",
    "Currency__1": "Franc",
    "language": "fr"
  },
  {
    "Country Code": "NF",
    "Latitude": -29.0333,
    "Longitude": 167.95,
    "Country Name": "Norfolk Island",
    "Capital": "Kingston",
    "land mass": 34.6,
    "population": 1828,
    "Continent": "OC",
    "Currency": "AUD",
    "Currency__1": "Dollar",
    "language": "en"
  },
  {
    "Country Code": "NG",
    "Latitude": 10,
    "Longitude": 8,
    "Country Name": "Nigeria",
    "Capital": "Abuja",
    "land mass": 923768,
    "population": 154000000,
    "Continent": "AF",
    "Currency": "NGN",
    "Currency__1": "Naira",
    "language": "en"
  },
  {
    "Country Code": "NI",
    "Latitude": 13,
    "Longitude": -85,
    "Country Name": "Nicaragua",
    "Capital": "Managua",
    "land mass": 129494,
    "population": 5995928,
    "Continent": "NA",
    "Currency": "NIO",
    "Currency__1": "Cordoba",
    "language": "es"
  },
  {
    "Country Code": "NL",
    "Latitude": 52.5,
    "Longitude": 5.75,
    "Country Name": "Netherlands",
    "Capital": "Amsterdam",
    "land mass": 41526,
    "population": 16645000,
    "Continent": "EU",
    "Currency": "EUR",
    "Currency__1": "Euro",
    "language": "nl"
  },
  {
    "Country Code": "NO",
    "Latitude": 62,
    "Longitude": 10,
    "Country Name": "Norway",
    "Capital": "Oslo",
    "land mass": 324220,
    "population": 4907000,
    "Continent": "EU",
    "Currency": "NOK",
    "Currency__1": "Krone",
    "language": "no"
  },
  {
    "Country Code": "NP",
    "Latitude": 28,
    "Longitude": 84,
    "Country Name": "Nepal",
    "Capital": "Kathmandu",
    "land mass": 140800,
    "population": 28951852,
    "Continent": "AS",
    "Currency": "NPR",
    "Currency__1": "Rupee",
    "language": "ne"
  },
  {
    "Country Code": "NR",
    "Latitude": -0.5333,
    "Longitude": 166.9167,
    "Country Name": "Nauru",
    "Capital": "Yaren",
    "land mass": 21,
    "population": 10065,
    "Continent": "OC",
    "Currency": "AUD",
    "Currency__1": "Dollar",
    "language": "na"
  },
  {
    "Country Code": "NU",
    "Latitude": -19.0333,
    "Longitude": -169.8667,
    "Country Name": "Niue",
    "Capital": "Alofi",
    "land mass": 260,
    "population": 2166,
    "Continent": "OC",
    "Currency": "NZD",
    "Currency__1": "Dollar",
    "language": "ni"
  },
  {
    "Country Code": "NZ",
    "Latitude": -41,
    "Longitude": 174,
    "Country Name": "New Zealand",
    "Capital": "Wellington",
    "land mass": 268680,
    "population": 4252277,
    "Continent": "OC",
    "Currency": "NZD",
    "Currency__1": "Dollar",
    "language": "en"
  },
  {
    "Country Code": "OM",
    "Latitude": 21,
    "Longitude": 57,
    "Country Name": "Oman",
    "Capital": "Muscat",
    "land mass": 212460,
    "population": 2967717,
    "Continent": "AS",
    "Currency": "OMR",
    "Currency__1": "Rial",
    "language": "ar"
  },
  {
    "Country Code": "PA",
    "Latitude": 9,
    "Longitude": -80,
    "Country Name": "Panama",
    "Capital": "Panama City",
    "land mass": 78200,
    "population": 3410676,
    "Continent": "NA",
    "Currency": "PAB",
    "Currency__1": "Balboa",
    "language": "es"
  },
  {
    "Country Code": "PE",
    "Latitude": -10,
    "Longitude": -76,
    "Country Name": "Peru",
    "Capital": "Lima",
    "land mass": 1285220,
    "population": 29907003,
    "Continent": "SA",
    "Currency": "PEN",
    "Currency__1": "Sol",
    "language": "es"
  },
  {
    "Country Code": "PF",
    "Latitude": -15,
    "Longitude": -140,
    "Country Name": "French Polynesia",
    "Capital": "Papeete",
    "land mass": 4167,
    "population": 270485,
    "Continent": "OC",
    "Currency": "XPF",
    "Currency__1": "Franc",
    "language": "fr"
  },
  {
    "Country Code": "PG",
    "Latitude": -6,
    "Longitude": 147,
    "Country Name": "Papua New Guinea",
    "Capital": "Port Moresby",
    "land mass": 462840,
    "population": 6064515,
    "Continent": "OC",
    "Currency": "PGK",
    "Currency__1": "Kina",
    "language": "en"
  },
  {
    "Country Code": "PH",
    "Latitude": 13,
    "Longitude": 122,
    "Country Name": "Philippines",
    "Capital": "Manila",
    "land mass": 300000,
    "population": 99900177,
    "Continent": "AS",
    "Currency": "PHP",
    "Currency__1": "Peso",
    "language": "tl"
  },
  {
    "Country Code": "PK",
    "Latitude": 30,
    "Longitude": 70,
    "Country Name": "Pakistan",
    "Capital": "Islamabad",
    "land mass": 803940,
    "population": 184404791,
    "Continent": "AS",
    "Currency": "PKR",
    "Currency__1": "Rupee",
    "language": "ur"
  },
  {
    "Country Code": "PL",
    "Latitude": 52,
    "Longitude": 20,
    "Country Name": "Poland",
    "Capital": "Warsaw",
    "land mass": 312685,
    "population": 38500000,
    "Continent": "EU",
    "Currency": "PLN",
    "Currency__1": "Zloty",
    "language": "en"
  },
  {
    "Country Code": "PM",
    "Latitude": 46.8333,
    "Longitude": -56.3333,
    "Country Name": "Saint Pierre and Miquelon",
    "Capital": "Saint-Pierre",
    "land mass": 242,
    "population": 7012,
    "Continent": "NA",
    "Currency": "EUR",
    "Currency__1": "Euro",
    "language": "en"
  },
  {
    "Country Code": "PR",
    "Latitude": 18.25,
    "Longitude": -66.5,
    "Country Name": "Puerto Rico",
    "Capital": "San Juan",
    "land mass": 9104,
    "population": 3916632,
    "Continent": "NA",
    "Currency": "USD",
    "Currency__1": "Dollar",
    "language": "en"
  },
  {
    "Country Code": "PS",
    "Latitude": 32,
    "Longitude": 35.25,
    "Country Name": "Palestinian Territory",
    "Capital": "East Jerusalem",
    "land mass": 5970,
    "population": 3800000,
    "Continent": "AS",
    "Currency": "ILS",
    "Currency__1": "Shekel",
    "language": "en"
  },
  {
    "Country Code": "PT",
    "Latitude": 39.5,
    "Longitude": -8,
    "Country Name": "Portugal",
    "Capital": "Lisbon",
    "land mass": 92391,
    "population": 10676000,
    "Continent": "EU",
    "Currency": "EUR",
    "Currency__1": "Euro",
    "language": "pt"
  },
  {
    "Country Code": "PW",
    "Latitude": 7.5,
    "Longitude": 134.5,
    "Country Name": "Palau",
    "Capital": "Ngerulmud",
    "land mass": 458,
    "population": 20303,
    "Continent": "OC",
    "Currency": "USD",
    "Currency__1": "Dollar",
    "language": "pa"
  },
  {
    "Country Code": "PY",
    "Latitude": -23,
    "Longitude": -58,
    "Country Name": "Paraguay",
    "Capital": "Asunción",
    "land mass": 406750,
    "population": 6375830,
    "Continent": "SA",
    "Currency": "PYG",
    "Currency__1": "Guarani",
    "language": "es"
  },
  {
    "Country Code": "QA",
    "Latitude": 25.5,
    "Longitude": 51.25,
    "Country Name": "Qatar",
    "Capital": "Doha",
    "land mass": 11437,
    "population": 840926,
    "Continent": "AS",
    "Currency": "QAR",
    "Currency__1": "Rial",
    "language": "ar"
  },
  {
    "Country Code": "RE",
    "Latitude": -21.1,
    "Longitude": 55.6,
    "Country Name": "Reunion",
    "Capital": "Saint-Denis",
    "land mass": 2517,
    "population": 776948,
    "Continent": "AF",
    "Currency": "EUR",
    "Currency__1": "Euro",
    "language": "en"
  },
  {
    "Country Code": "RO",
    "Latitude": 46,
    "Longitude": 25,
    "Country Name": "Romania",
    "Capital": "Bucharest",
    "land mass": 237500,
    "population": 21959278,
    "Continent": "EU",
    "Currency": "RON",
    "Currency__1": "Leu",
    "language": "ro"
  },
  {
    "Country Code": "RS",
    "Latitude": 44,
    "Longitude": 21,
    "Country Name": "Serbia",
    "Capital": "Belgrade",
    "land mass": 88361,
    "population": 7344847,
    "Continent": "EU",
    "Currency": "RSD",
    "Currency__1": "Dinar",
    "language": "sr"
  },
  {
    "Country Code": "RU",
    "Latitude": 60,
    "Longitude": 100,
    "Country Name": "Russia",
    "Capital": "Moscow",
    "land mass": 17100000,
    "population": 140702000,
    "Continent": "EU",
    "Currency": "RUB",
    "Currency__1": "Ruble",
    "language": "ru"
  },
  {
    "Country Code": "RW",
    "Latitude": -2,
    "Longitude": 30,
    "Country Name": "Rwanda",
    "Capital": "Kigali",
    "land mass": 26338,
    "population": 11055976,
    "Continent": "AF",
    "Currency": "RWF",
    "Currency__1": "Franc",
    "language": "rw"
  },
  {
    "Country Code": "SA",
    "Latitude": 25,
    "Longitude": 45,
    "Country Name": "Saudi Arabia",
    "Capital": "Riyadh",
    "land mass": 1960582,
    "population": 25731776,
    "Continent": "AS",
    "Currency": "SAR",
    "Currency__1": "Rial",
    "language": "en"
  },
  {
    "Country Code": "SB",
    "Latitude": -8,
    "Longitude": 159,
    "Country Name": "Solomon Islands",
    "Capital": "Honiara",
    "land mass": 28450,
    "population": 559198,
    "Continent": "OC",
    "Currency": "SBD",
    "Currency__1": "Dollar",
    "language": "en"
  },
  {
    "Country Code": "SC",
    "Latitude": -4.5833,
    "Longitude": 55.6667,
    "Country Name": "Seychelles",
    "Capital": "Victoria",
    "land mass": 455,
    "population": 88340,
    "Continent": "AF",
    "Currency": "SCR",
    "Currency__1": "Rupee",
    "language": "en"
  },
  {
    "Country Code": "SD",
    "Latitude": 15,
    "Longitude": 30,
    "Country Name": "Sudan",
    "Capital": "Khartoum",
    "land mass": 2505810,
    "population": 43939598,
    "Continent": "AF",
    "Currency": "SDG",
    "Currency__1": "Dinar",
    "language": "ar"
  },
  {
    "Country Code": "SE",
    "Latitude": 62,
    "Longitude": 15,
    "Country Name": "Sweden",
    "Capital": "Stockholm",
    "land mass": 449964,
    "population": 9045000,
    "Continent": "EU",
    "Currency": "SEK",
    "Currency__1": "Krona",
    "language": "sv"
  },
  {
    "Country Code": "SG",
    "Latitude": 1.3667,
    "Longitude": 103.8,
    "Country Name": "Singapore",
    "Capital": "Singapur",
    "land mass": 692.7,
    "population": 4701069,
    "Continent": "AS",
    "Currency": "SGD",
    "Currency__1": "Dollar",
    "language": "cm"
  },
  {
    "Country Code": "SH",
    "Latitude": -15.9333,
    "Longitude": -5.7,
    "Country Name": "Saint Helena",
    "Capital": "Jamestown",
    "land mass": 410,
    "population": 7460,
    "Continent": "AF",
    "Currency": "SHP",
    "Currency__1": "Pound",
    "language": "en"
  },
  {
    "Country Code": "SI",
    "Latitude": 46,
    "Longitude": 15,
    "Country Name": "Slovenia",
    "Capital": "Ljubljana",
    "land mass": 20273,
    "population": 2007000,
    "Continent": "EU",
    "Currency": "EUR",
    "Currency__1": "Euro",
    "language": "sl"
  },
  {
    "Country Code": "SJ",
    "Latitude": 78,
    "Longitude": 20,
    "Country Name": "Svalbard and Jan Mayen",
    "Capital": "Longyearbyen",
    "land mass": 62049,
    "population": 2550,
    "Continent": "EU",
    "Currency": "NOK",
    "Currency__1": "Krone",
    "language": "no"
  },
  {
    "Country Code": "SK",
    "Latitude": 48.6667,
    "Longitude": 19.5,
    "Country Name": "Slovakia",
    "Capital": "Bratislava",
    "land mass": 48845,
    "population": 5455000,
    "Continent": "EU",
    "Currency": "EUR",
    "Currency__1": "Euro",
    "language": "sk"
  },
  {
    "Country Code": "SL",
    "Latitude": 8.5,
    "Longitude": -11.5,
    "Country Name": "Sierra Leone",
    "Capital": "Freetown",
    "land mass": 71740,
    "population": 5245695,
    "Continent": "AF",
    "Currency": "SLL",
    "Currency__1": "Leone",
    "language": "en"
  },
  {
    "Country Code": "SM",
    "Latitude": 43.7667,
    "Longitude": 12.4167,
    "Country Name": "San Marino",
    "Capital": "San Marino",
    "land mass": 61.2,
    "population": 31477,
    "Continent": "EU",
    "Currency": "EUR",
    "Currency__1": "Euro",
    "language": "en"
  },
  {
    "Country Code": "SN",
    "Latitude": 14,
    "Longitude": -14,
    "Country Name": "Senegal",
    "Capital": "Dakar",
    "land mass": 196190,
    "population": 12323252,
    "Continent": "AF",
    "Currency": "XOF",
    "Currency__1": "Franc",
    "language": "fr"
  },
  {
    "Country Code": "SO",
    "Latitude": 10,
    "Longitude": 49,
    "Country Name": "Somalia",
    "Capital": "Mogadishu",
    "land mass": 637657,
    "population": 10112453,
    "Continent": "AF",
    "Currency": "SOS",
    "Currency__1": "Shilling",
    "language": "so"
  },
  {
    "Country Code": "SR",
    "Latitude": 4,
    "Longitude": -56,
    "Country Name": "Suriname",
    "Capital": "Paramaribo",
    "land mass": 163270,
    "population": 492829,
    "Continent": "SA",
    "Currency": "SRD",
    "Currency__1": "Dollar",
    "language": "nl"
  },
  {
    "Country Code": "ST",
    "Latitude": 1,
    "Longitude": 7,
    "Country Name": "Sao Tome and Principe",
    "Capital": "São Tomé",
    "land mass": 1001,
    "population": 175808,
    "Continent": "AF",
    "Currency": "STD",
    "Currency__1": "Dobra",
    "language": "en"
  },
  {
    "Country Code": "SV",
    "Latitude": 13.8333,
    "Longitude": -88.9167,
    "Country Name": "El Salvador",
    "Capital": "San Salvador",
    "land mass": 21040,
    "population": 6052064,
    "Continent": "NA",
    "Currency": "USD",
    "Currency__1": "Dollar",
    "language": "en"
  },
  {
    "Country Code": "SY",
    "Latitude": 35,
    "Longitude": 38,
    "Country Name": "Syria",
    "Capital": "Damascus",
    "land mass": 185180,
    "population": 22198110,
    "Continent": "AS",
    "Currency": "SYP",
    "Currency__1": "Pound",
    "language": "ar"
  },
  {
    "Country Code": "SZ",
    "Latitude": -26.5,
    "Longitude": 31.5,
    "Country Name": "Swaziland",
    "Capital": "Mbabane",
    "land mass": 17363,
    "population": 1354051,
    "Continent": "AF",
    "Currency": "SZL",
    "Currency__1": "Lilangeni",
    "language": "en"
  },
  {
    "Country Code": "TC",
    "Latitude": 21.75,
    "Longitude": -71.5833,
    "Country Name": "Turks and Caicos Islands",
    "Capital": "Cockburn Town",
    "land mass": 430,
    "population": 20556,
    "Continent": "NA",
    "Currency": "USD",
    "Currency__1": "Dollar",
    "language": "en"
  },
  {
    "Country Code": "TD",
    "Latitude": 15,
    "Longitude": 19,
    "Country Name": "Chad",
    "Capital": "N'Djamena",
    "land mass": 1284000,
    "population": 10543464,
    "Continent": "AF",
    "Currency": "XAF",
    "Currency__1": "Franc",
    "language": "fr"
  },
  {
    "Country Code": "TF",
    "Latitude": -43,
    "Longitude": 67,
    "Country Name": "French Southern Territories",
    "Capital": "Port-aux-Français",
    "land mass": 7829,
    "population": 140,
    "Continent": "AN",
    "Currency": "EUR",
    "Currency__1": "Euro",
    "language": "en"
  },
  {
    "Country Code": "TG",
    "Latitude": 8,
    "Longitude": 1.1667,
    "Country Name": "Togo",
    "Capital": "Lomé",
    "land mass": 56785,
    "population": 6587239,
    "Continent": "AF",
    "Currency": "XOF",
    "Currency__1": "Franc",
    "language": "fr"
  },
  {
    "Country Code": "TH",
    "Latitude": 15,
    "Longitude": 100,
    "Country Name": "Thailand",
    "Capital": "Bangkok",
    "land mass": 514000,
    "population": 67089500,
    "Continent": "AS",
    "Currency": "THB",
    "Currency__1": "Baht",
    "language": "th"
  },
  {
    "Country Code": "TJ",
    "Latitude": 39,
    "Longitude": 71,
    "Country Name": "Tajikistan",
    "Capital": "Dushanbe",
    "land mass": 143100,
    "population": 7487489,
    "Continent": "AS",
    "Currency": "TJS",
    "Currency__1": "Somoni",
    "language": "tg"
  },
  {
    "Country Code": "TM",
    "Latitude": 40,
    "Longitude": 60,
    "Country Name": "Turkmenistan",
    "Capital": "Ashgabat",
    "land mass": 488100,
    "population": 4940916,
    "Continent": "AS",
    "Currency": "TMT",
    "Currency__1": "Manat",
    "language": "tk"
  },
  {
    "Country Code": "TN",
    "Latitude": 34,
    "Longitude": 9,
    "Country Name": "Tunisia",
    "Capital": "Tunis",
    "land mass": 163610,
    "population": 10589025,
    "Continent": "AF",
    "Currency": "TND",
    "Currency__1": "Dinar",
    "language": "ar"
  },
  {
    "Country Code": "TO",
    "Latitude": -20,
    "Longitude": -175,
    "Country Name": "Tonga",
    "Capital": "Nuku'alofa",
    "land mass": 748,
    "population": 122580,
    "Continent": "OC",
    "Currency": "TOP",
    "Currency__1": "Pa'anga",
    "language": "to"
  },
  {
    "Country Code": "TR",
    "Latitude": 39,
    "Longitude": 35,
    "Country Name": "Turkey",
    "Capital": "Ankara",
    "land mass": 780580,
    "population": 77804122,
    "Continent": "AS",
    "Currency": "TRY",
    "Currency__1": "Lira",
    "language": "tr"
  },
  {
    "Country Code": "TT",
    "Latitude": 11,
    "Longitude": -61,
    "Country Name": "Trinidad and Tobago",
    "Capital": "Port of Spain",
    "land mass": 5128,
    "population": 1228691,
    "Continent": "NA",
    "Currency": "TTD",
    "Currency__1": "Dollar",
    "language": "en"
  },
  {
    "Country Code": "TV",
    "Latitude": -8,
    "Longitude": 178,
    "Country Name": "Tuvalu",
    "Capital": "Funafuti",
    "land mass": 26,
    "population": 10472,
    "Continent": "OC",
    "Currency": "AUD",
    "Currency__1": "Dollar",
    "language": "tv"
  },
  {
    "Country Code": "TW",
    "Latitude": 23.5,
    "Longitude": 121,
    "Country Name": "Taiwan",
    "Capital": "Taipei",
    "land mass": 35980,
    "population": 22894384,
    "Continent": "AS",
    "Currency": "TWD",
    "Currency__1": "Dollar",
    "language": "zh"
  },
  {
    "Country Code": "TZ",
    "Latitude": -6,
    "Longitude": 35,
    "Country Name": "Tanzania",
    "Capital": "Dodoma",
    "land mass": 945087,
    "population": 41892895,
    "Continent": "AF",
    "Currency": "TZS",
    "Currency__1": "Shilling",
    "language": "sw"
  },
  {
    "Country Code": "UA",
    "Latitude": 49,
    "Longitude": 32,
    "Country Name": "Ukraine",
    "Capital": "Kiev",
    "land mass": 603700,
    "population": 45415596,
    "Continent": "EU",
    "Currency": "UAH",
    "Currency__1": "Hryvnia",
    "language": "uk"
  },
  {
    "Country Code": "UG",
    "Latitude": 1,
    "Longitude": 32,
    "Country Name": "Uganda",
    "Capital": "Kampala",
    "land mass": 236040,
    "population": 33398682,
    "Continent": "AF",
    "Currency": "UGX",
    "Currency__1": "Shilling",
    "language": "en"
  },
  {
    "Country Code": "US",
    "Latitude": 38,
    "Longitude": -97,
    "Country Name": "United States",
    "Capital": "Washington",
    "land mass": 9629091,
    "population": 310232863,
    "Continent": "NA",
    "Currency": "USD",
    "Currency__1": "Dollar",
    "language": "en"
  },
  {
    "Country Code": "UY",
    "Latitude": -33,
    "Longitude": -56,
    "Country Name": "Uruguay",
    "Capital": "Montevideo",
    "land mass": 176220,
    "population": 3477000,
    "Continent": "SA",
    "Currency": "UYU",
    "Currency__1": "Peso",
    "language": "en"
  },
  {
    "Country Code": "UZ",
    "Latitude": 41,
    "Longitude": 64,
    "Country Name": "Uzbekistan",
    "Capital": "Tashkent",
    "land mass": 447400,
    "population": 27865738,
    "Continent": "AS",
    "Currency": "UZS",
    "Currency__1": "Som",
    "language": "uz"
  },
  {
    "Country Code": "VA",
    "Latitude": 41.9,
    "Longitude": 12.45,
    "Country Name": "Vatican",
    "Capital": "Vatican City",
    "land mass": 0.44,
    "population": 921,
    "Continent": "EU",
    "Currency": "EUR",
    "Currency__1": "Euro",
    "language": "la"
  },
  {
    "Country Code": "VE",
    "Latitude": 8,
    "Longitude": -66,
    "Country Name": "Venezuela",
    "Capital": "Caracas",
    "land mass": 912050,
    "population": 27223228,
    "Continent": "SA",
    "Currency": "VEF",
    "Currency__1": "Bolivar",
    "language": "en"
  },
  {
    "Country Code": "VG",
    "Latitude": 18.5,
    "Longitude": -64.5,
    "Country Name": "British Virgin Islands",
    "Capital": "Road Town",
    "land mass": 153,
    "population": 21730,
    "Continent": "NA",
    "Currency": "USD",
    "Currency__1": "Dollar",
    "language": "en"
  },
  {
    "Country Code": "VI",
    "Latitude": 18.3333,
    "Longitude": -64.8333,
    "Country Name": "U.S. Virgin Islands",
    "Capital": "Charlotte Amalie",
    "land mass": 352,
    "population": 108708,
    "Continent": "NA",
    "Currency": "USD",
    "Currency__1": "Dollar",
    "language": "en"
  },
  {
    "Country Code": "VN",
    "Latitude": 16,
    "Longitude": 106,
    "Country Name": "Vietnam",
    "Capital": "Hanoi",
    "land mass": 329560,
    "population": 89571130,
    "Continent": "AS",
    "Currency": "VND",
    "Currency__1": "Dong",
    "language": "vi"
  },
  {
    "Country Code": "VU",
    "Latitude": -16,
    "Longitude": 167,
    "Country Name": "Vanuatu",
    "Capital": "Port Vila",
    "land mass": 12200,
    "population": 221552,
    "Continent": "OC",
    "Currency": "VUV",
    "Currency__1": "Vatu",
    "language": "bi"
  },
  {
    "Country Code": "WF",
    "Latitude": -13.3,
    "Longitude": -176.2,
    "Country Name": "Wallis and Futuna",
    "Capital": "Matâ'Utu",
    "land mass": 274,
    "population": 16025,
    "Continent": "OC",
    "Currency": "XPF",
    "Currency__1": "Franc",
    "language": "wl"
  },
  {
    "Country Code": "WS",
    "Latitude": -13.5833,
    "Longitude": -172.3333,
    "Country Name": "Samoa",
    "Capital": "Apia",
    "land mass": 2944,
    "population": 192001,
    "Continent": "OC",
    "Currency": "WST",
    "Currency__1": "Tala",
    "language": "sm"
  },
  {
    "Country Code": "YE",
    "Latitude": 15,
    "Longitude": 48,
    "Country Name": "Yemen",
    "Capital": "San‘a’",
    "land mass": 527970,
    "population": 23495361,
    "Continent": "AS",
    "Currency": "YER",
    "Currency__1": "Rial",
    "language": "en"
  },
  {
    "Country Code": "YT",
    "Latitude": -12.8333,
    "Longitude": 45.1667,
    "Country Name": "Mayotte",
    "Capital": "Mamoudzou",
    "land mass": 374,
    "population": 159042,
    "Continent": "AF",
    "Currency": "EUR",
    "Currency__1": "Euro",
    "language": "en"
  },
  {
    "Country Code": "ZA",
    "Latitude": -29,
    "Longitude": 24,
    "Country Name": "South Africa",
    "Capital": "Pretoria",
    "land mass": 1219912,
    "population": 49000000,
    "Continent": "AF",
    "Currency": "ZAR",
    "Currency__1": "Rand",
    "language": "zu"
  },
  {
    "Country Code": "ZM",
    "Latitude": -15,
    "Longitude": 30,
    "Country Name": "Zambia",
    "Capital": "Lusaka",
    "land mass": 752614,
    "population": 13460305,
    "Continent": "AF",
    "Currency": "ZMK",
    "Currency__1": "Kwacha",
    "language": "en"
  },
  {
    "Country Code": "ZW",
    "Latitude": -20,
    "Longitude": 30,
    "Country Name": "Zimbabwe",
    "Capital": "Harare",
    "land mass": 390580,
    "population": 11651858,
    "Continent": "AF",
    "Currency": "ZWL",
    "Currency__1": "Dollar",
    "language": "en"
  }
]